{
    "Estados" :["q0", "q1", "q2","q3","q4", "qf"],
    "Entrada" :[ "0", "1", "2"],
    "Cinta" :[ "0" , "1", "2", "_", "A", "B", "C"],
    "Inicial" :"q0",
    "Blanco" :"_",
    "Finales" :["qf"],
    "Transiciones" :[
        ["q0", "0" ,"q1", "A" ,"R"],
        ["q0", "B" ,"q4", "B" ,"R"],
        ["q1", "0" ,"q1", "0" ,"R"],
        ["q1", "B" ,"q1", "B" ,"R"],
        ["q1", "1" ,"q2", "B" ,"R"],
        ["q2", "1" ,"q2", "1" ,"R"],
        ["q2", "C" ,"q2", "C" ,"R"],
        ["q2", "2" ,"q3", "C" ,"L"],
        ["q3", "0" ,"q3", "0" ,"L"],
        ["q3", "1" ,"q3", "1" ,"L"],
        ["q3", "2" ,"q3", "2" ,"L"],
        ["q3", "A" ,"q0", "A" ,"R"],
        ["q3", "B" ,"q3", "B" ,"L"],
        ["q3", "C" ,"q3", "C" ,"L"],
        ["q4", "B" ,"q4", "B" ,"R"],
        ["q4", "C" ,"q4", "C" ,"R"],
        ["q4", "_", "qf", "_", "L"]
    ]
}